<application>
  <component name="GroupManager">
    <expandedByName>
      <entry name="Tutorials" expanded="false" />
      <entry name="Projects" expanded="true" />
    </expandedByName>
  </component>
  <component name="LangManager">
    <option name="languageName" value="go" />
    <option name="languageToProjectMap">
      <map>
        <entry key="go" value="$USER_HOME$/GolandProjects/LearnGoProject" />
      </map>
    </option>
  </component>
  <component name="LessonStateBase">
    <option name="map">
      <map>
        <entry key="Actions" value="NOT_PASSED" />
        <entry key="Basic Completion" value="NOT_PASSED" />
        <entry key="Code completion for pointers" value="NOT_PASSED" />
        <entry key="Code completion for type assertions and switch constructions" value="NOT_PASSED" />
        <entry key="Completion with Tab" value="NOT_PASSED" />
        <entry key="Debug function calls" value="NOT_PASSED" />
        <entry key="Goland2019.2.ExtractMethodRefactoringWithReturns" value="NOT_PASSED" />
        <entry key="Goland2019.2.FillStructFields" value="NOT_PASSED" />
        <entry key="Goland2019.2.RedundantTypeConversions" value="NOT_PASSED" />
        <entry key="Goland2019.3.CreateFunctionFromFunctionType" value="NOT_PASSED" />
        <entry key="Goland2019.3.DeleteParameterNames" value="NOT_PASSED" />
        <entry key="Goland2019.3.DeleteUnusedParameters" value="NOT_PASSED" />
        <entry key="Goland2019.3.ExtractVariableWithError" value="NOT_PASSED" />
        <entry key="Goland2019.3.ForrLiveTemplate" value="NOT_PASSED" />
        <entry key="Goland2019.3.ReuseSignatureTypes" value="NOT_PASSED" />
        <entry key="GopherCon.CodeFormatting" value="NOT_PASSED" />
        <entry key="GopherCon.CommentLine" value="NOT_PASSED" />
        <entry key="GopherCon.ExtractFunction/Method" value="NOT_PASSED" />
        <entry key="GopherCon.ExtractVariable" value="NOT_PASSED" />
        <entry key="GopherCon.FormatStringArgument" value="NOT_PASSED" />
        <entry key="GopherCon.GoFmt" value="NOT_PASSED" />
        <entry key="GopherCon.ImplementMissingMethods" value="NOT_PASSED" />
        <entry key="GopherCon.Inline" value="NOT_PASSED" />
        <entry key="GopherCon.Rename" value="NOT_PASSED" />
        <entry key="Handling errors with live and postfix templates" value="NOT_PASSED" />
        <entry key="Method-Like Function Completion" value="NOT_PASSED" />
        <entry key="New live and postfix templates" value="NOT_PASSED" />
        <entry key="Postfix Completion" value="NOT_PASSED" />
        <entry key="Postfix templates" value="NOT_PASSED" />
        <entry key="Quick-fixes and refactorings in GoLand 2020.1" value="NOT_PASSED" />
        <entry key="Select" value="PASSED" />
        <entry key="Smart Type Completion" value="NOT_PASSED" />
        <entry key="Using the Implement Methods action" value="NOT_PASSED" />
        <entry key="Working with types" value="NOT_PASSED" />
      </map>
    </option>
  </component>
</application>