<keymap version="1" name="VSCode copy" parent="VSCode">
  <action id="ActivateTerminalToolWindow">
    <keyboard-shortcut first-keystroke="alt t" />
  </action>
  <action id="EditorIndentLineOrSelection" />
  <action id="EditorStartNewLine" />
  <action id="EditorStartNewLineBefore" />
  <action id="EditorUnindentSelection">
    <keyboard-shortcut first-keystroke="shift tab" />
  </action>
  <action id="GotoDeclaration">
    <keyboard-shortcut first-keystroke="meta b" />
  </action>
  <action id="GotoFile">
    <keyboard-shortcut first-keystroke="meta o" />
  </action>
  <action id="GotoNextError">
    <keyboard-shortcut first-keystroke="meta close_bracket" />
  </action>
  <action id="GotoPreviousError">
    <keyboard-shortcut first-keystroke="meta open_bracket" />
  </action>
  <action id="HideSideWindows" />
  <action id="OpenFile" />
  <action id="QuickImplementations" />
  <action id="Refactorings.QuickListPopupAction">
    <keyboard-shortcut first-keystroke="meta alt r" />
  </action>
  <action id="ShowIntentionActions">
    <keyboard-shortcut first-keystroke="meta enter" />
  </action>
</keymap>